-- phpMyAdmin SQL Dump
-- version 4.5.4.1
-- http://www.phpmyadmin.net
--
-- Client :  localhost
-- Généré le :  Jeu 06 Juin 2019 à 12:02
-- Version du serveur :  5.7.11
-- Version de PHP :  7.0.3

SET SQL_MODE = "NO_AUTO_VALUE_ON_ZERO";
SET time_zone = "+00:00";


/*!40101 SET @OLD_CHARACTER_SET_CLIENT=@@CHARACTER_SET_CLIENT */;
/*!40101 SET @OLD_CHARACTER_SET_RESULTS=@@CHARACTER_SET_RESULTS */;
/*!40101 SET @OLD_COLLATION_CONNECTION=@@COLLATION_CONNECTION */;
/*!40101 SET NAMES utf8mb4 */;

--
-- Base de données :  `mrbs`
--

-- --------------------------------------------------------

--
-- Structure de la table `mrbs_area`
--

CREATE TABLE `mrbs_area` (
  `id` int(11) NOT NULL,
  `disabled` tinyint(1) NOT NULL DEFAULT '0',
  `area_name` varchar(30) DEFAULT NULL,
  `area_admin_email` text,
  `resolution` int(11) DEFAULT NULL,
  `default_duration` int(11) DEFAULT NULL,
  `morningstarts` int(11) DEFAULT NULL,
  `morningstarts_minutes` int(11) DEFAULT NULL,
  `eveningends` int(11) DEFAULT NULL,
  `eveningends_minutes` int(11) DEFAULT NULL,
  `private_enabled` tinyint(1) DEFAULT NULL,
  `private_default` tinyint(1) DEFAULT NULL,
  `private_mandatory` tinyint(1) DEFAULT NULL,
  `private_override` varchar(32) DEFAULT NULL,
  `min_book_ahead_enabled` tinyint(1) DEFAULT NULL,
  `min_book_ahead_secs` int(11) DEFAULT NULL,
  `max_book_ahead_enabled` tinyint(1) DEFAULT NULL,
  `max_book_ahead_secs` int(11) DEFAULT NULL,
  `custom_html` text,
  `approval_enabled` tinyint(1) DEFAULT NULL,
  `reminders_enabled` tinyint(1) DEFAULT NULL,
  `enable_periods` tinyint(1) DEFAULT NULL,
  `confirmation_enabled` tinyint(1) DEFAULT NULL,
  `confirmed_default` tinyint(1) DEFAULT NULL
) ENGINE=InnoDB DEFAULT CHARSET=utf8;

--
-- Contenu de la table `mrbs_area`
--

INSERT INTO `mrbs_area` (`id`, `disabled`, `area_name`, `area_admin_email`, `resolution`, `default_duration`, `morningstarts`, `morningstarts_minutes`, `eveningends`, `eveningends_minutes`, `private_enabled`, `private_default`, `private_mandatory`, `private_override`, `min_book_ahead_enabled`, `min_book_ahead_secs`, `max_book_ahead_enabled`, `max_book_ahead_secs`, `custom_html`, `approval_enabled`, `reminders_enabled`, `enable_periods`, `confirmation_enabled`, `confirmed_default`) VALUES
(1, 0, 'Informatique - multimédia', 'chemin.lorette@lorraine-sport.net', 1800, 3600, 7, 0, 19, 30, 0, 0, 0, 'none', 0, 0, 0, 604800, '', 0, 1, 0, 1, 1),
(2, 0, 'Salles de réunion', 'chemin.lorette@lorraine-sport.net', 1800, 3600, 7, 0, 23, 30, 0, 0, 0, 'none', 0, 0, 0, 604800, '', 0, 1, 0, 1, 1),
(3, 0, 'Salles de réception', 'chemin.lorette@lorraine-sport.net', 1800, 3600, 7, 0, 23, 30, 0, 0, 0, 'none', 0, 0, 0, 604800, '', 0, 1, 0, 1, 1);

-- --------------------------------------------------------

--
-- Structure de la table `mrbs_entry`
--

CREATE TABLE `mrbs_entry` (
  `id` int(11) NOT NULL,
  `start_time` int(11) NOT NULL DEFAULT '0',
  `end_time` int(11) NOT NULL DEFAULT '0',
  `entry_type` int(11) NOT NULL DEFAULT '0',
  `repeat_id` int(11) NOT NULL DEFAULT '0',
  `room_id` int(11) NOT NULL DEFAULT '1',
  `timestamp` timestamp NOT NULL DEFAULT CURRENT_TIMESTAMP ON UPDATE CURRENT_TIMESTAMP,
  `create_by` varchar(80) NOT NULL DEFAULT '',
  `name` varchar(80) NOT NULL DEFAULT '',
  `type` char(1) NOT NULL DEFAULT 'E',
  `description` text,
  `status` tinyint(3) UNSIGNED NOT NULL DEFAULT '0',
  `reminded` int(11) DEFAULT NULL,
  `info_time` int(11) DEFAULT NULL,
  `info_user` varchar(80) DEFAULT NULL,
  `info_text` text,
  `ical_uid` varchar(255) NOT NULL DEFAULT '',
  `ical_sequence` smallint(6) NOT NULL DEFAULT '0',
  `ical_recur_id` varchar(16) NOT NULL DEFAULT ''
) ENGINE=InnoDB DEFAULT CHARSET=utf8;

-- --------------------------------------------------------

--
-- Structure de la table `mrbs_league`
--

CREATE TABLE `mrbs_league` (
  `id` int(11) NOT NULL,
  `nom` varchar(50) DEFAULT NULL,
  `adresse_mail_asso` varchar(75) DEFAULT NULL,
  `id_responsable` int(11) DEFAULT NULL
) ENGINE=InnoDB DEFAULT CHARSET=utf8;

--
-- Contenu de la table `mrbs_league`
--

INSERT INTO `mrbs_league` (`id`, `nom`, `adresse_mail_asso`, `id_responsable`) VALUES
(1, 'kaka', 'kaka@hotmail.fr', 1);

-- --------------------------------------------------------

--
-- Structure de la table `mrbs_repeat`
--

CREATE TABLE `mrbs_repeat` (
  `id` int(11) NOT NULL,
  `start_time` int(11) NOT NULL DEFAULT '0',
  `end_time` int(11) NOT NULL DEFAULT '0',
  `rep_type` int(11) NOT NULL DEFAULT '0',
  `end_date` int(11) NOT NULL DEFAULT '0',
  `rep_opt` varchar(32) NOT NULL DEFAULT '',
  `room_id` int(11) NOT NULL DEFAULT '1',
  `timestamp` timestamp NOT NULL DEFAULT CURRENT_TIMESTAMP ON UPDATE CURRENT_TIMESTAMP,
  `create_by` varchar(80) NOT NULL DEFAULT '',
  `name` varchar(80) NOT NULL DEFAULT '',
  `type` char(1) NOT NULL DEFAULT 'E',
  `description` text,
  `rep_num_weeks` smallint(6) DEFAULT NULL,
  `status` tinyint(3) UNSIGNED NOT NULL DEFAULT '0',
  `reminded` int(11) DEFAULT NULL,
  `info_time` int(11) DEFAULT NULL,
  `info_user` varchar(80) DEFAULT NULL,
  `info_text` text,
  `ical_uid` varchar(255) NOT NULL DEFAULT '',
  `ical_sequence` smallint(6) NOT NULL DEFAULT '0'
) ENGINE=InnoDB DEFAULT CHARSET=utf8;

-- --------------------------------------------------------

--
-- Structure de la table `mrbs_room`
--

CREATE TABLE `mrbs_room` (
  `id` int(11) NOT NULL,
  `disabled` tinyint(1) NOT NULL DEFAULT '0',
  `area_id` int(11) NOT NULL DEFAULT '0',
  `room_name` varchar(25) NOT NULL DEFAULT '',
  `sort_key` varchar(25) NOT NULL DEFAULT '',
  `description` varchar(60) DEFAULT NULL,
  `capacity` int(11) NOT NULL DEFAULT '0',
  `room_admin_email` text,
  `custom_html` text
) ENGINE=InnoDB DEFAULT CHARSET=utf8;

--
-- Contenu de la table `mrbs_room`
--

INSERT INTO `mrbs_room` (`id`, `disabled`, `area_id`, `room_name`, `sort_key`, `description`, `capacity`, `room_admin_email`, `custom_html`) VALUES
(1, 0, 2, 'Daum', 'Daum', '', 15, '', ''),
(2, 0, 2, 'Corbin', 'Corbin', '', 15, '', ''),
(3, 0, 2, 'Baccarat', 'Baccarat', '', 20, '', ''),
(4, 0, 2, 'Longwy', 'Longwy', '', 12, '', ''),
(5, 0, 1, 'Multimédia', 'Multimédia', '', 25, '', ''),
(6, 0, 3, 'Amphithéâtre', 'Amphithéâtre', '', 200, '', ''),
(7, 0, 2, 'Lamour', 'Lamour', '', 30, '', ''),
(8, 0, 2, 'Grüber', 'Grüber', '', 15, '', ''),
(9, 0, 2, 'Majorelle', 'Majorelle', '', 40, '', ''),
(10, 0, 3, 'Salle de restauration', 'Salle de restauration', 'Salle de restauration', 50, '', ''),
(11, 0, 3, 'Galerie', 'Galerie', '', 80, '', ''),
(12, 0, 1, 'Salle informatique', 'Salle informatique', '', 15, NULL, NULL),
(13, 0, 3, 'Hall d\'accueil', 'Hall d\'accueil', '', 100, NULL, NULL),
(14, 0, 2, 'Gallé', 'Gallé', '', 15, NULL, NULL);

-- --------------------------------------------------------

--
-- Structure de la table `mrbs_users`
--

CREATE TABLE `mrbs_users` (
  `id` int(11) NOT NULL,
  `level` smallint(6) NOT NULL DEFAULT '0',
  `name` varchar(30) DEFAULT NULL,
  `password` varchar(40) DEFAULT NULL,
  `email` varchar(75) DEFAULT NULL,
  `dateSuppression` date DEFAULT NULL
) ENGINE=InnoDB DEFAULT CHARSET=utf8;

--
-- Contenu de la table `mrbs_users`
--

INSERT INTO `mrbs_users` (`id`, `level`, `name`, `password`, `email`, `dateSuppression`) VALUES
(1, 2, 'admin', '21232f297a57a5a743894a0e4a801fc3', 'admin.mrbs@lorraine-sport.net', NULL),
(2, 0, 'cheminl', 'b89f7a5ff3e3a225d572dac38b2a67f7', 'chemin.lorette@lorraine-sport.net', '2019-06-01'),
(3, 0, 'fortetp', 'b89f7a5ff3e3a225d572dac38b2a67f7', 'fortet.patrick@lorraine-sport.net', NULL),
(4, 0, 'dreauv', 'b89f7a5ff3e3a225d572dac38b2a67f7', 'dreau.valerie@lorraine-sport.net', NULL),
(5, 2, 'antoineq', '21232f297a57a5a743894a0e4a801fc3', 'antoine.quentin@lorraine-sport.net', NULL),
(7, 2, 'ackermanns', '21232f297a57a5a743894a0e4a801fc3', 'ackermann.solange@lorraine-sport.net', NULL),
(8, 1, 'guesdonm', 'b89f7a5ff3e3a225d572dac38b2a67f7', 'guesdon.martin@lorraine-sport.net', NULL),
(9, 1, 'grenierf', 'b89f7a5ff3e3a225d572dac38b2a67f7', 'grenier.francoise@lorraine-sport.net', NULL),
(10, 1, 'giboired', 'b89f7a5ff3e3a225d572dac38b2a67f7', 'giboire.david@lorraine-sport.net', NULL),
(11, 1, 'guillemetm', 'b89f7a5ff3e3a225d572dac38b2a67f7', 'guillemet.martin@lorraine-sport.net', NULL),
(12, 1, 'guilletm', 'b89f7a5ff3e3a225d572dac38b2a67f7', 'guillet.maud@lorraine-sport.net', NULL),
(13, 1, 'gilbertj', 'b89f7a5ff3e3a225d572dac38b2a67f7', 'gilbert.jordan@lorraine-sport.net', NULL),
(14, 1, 'grelichef', 'b89f7a5ff3e3a225d572dac38b2a67f7', 'greliche.franck@lorraine-sport.net', NULL),
(15, 1, 'garniert', 'b89f7a5ff3e3a225d572dac38b2a67f7', 'garnier.theo@lorraine-sport.net', NULL),
(16, 1, 'gaigar', 'b89f7a5ff3e3a225d572dac38b2a67f7', 'gaiga.renan@lorraine-sport.net', NULL),
(17, 1, 'glavork', 'b89f7a5ff3e3a225d572dac38b2a67f7', 'glavor.kevin@lorraine-sport.net', NULL),
(18, 0, 'lunavote', 'b89f7a5ff3e3a225d572dac38b2a67f7', 'lunavot.eric@lorraine-sport.net', NULL),
(19, 0, 'borsellinoj', 'b89f7a5ff3e3a225d572dac38b2a67f7', 'borsellino.jean-marc@lorraine-sport.net', NULL),
(20, 0, 'daumyn', 'b89f7a5ff3e3a225d572dac38b2a67f7', 'daumy.nicolas@lorraine-sport.net', NULL),
(21, 0, 'chambonp', 'b89f7a5ff3e3a225d572dac38b2a67f7', 'chambon.patrick@lorraine-sport.net', NULL),
(22, 0, 'lecadetc', 'b89f7a5ff3e3a225d572dac38b2a67f7', 'lecadet.cecile@lorraine-sport.net', NULL),
(23, 0, 'vannierl', 'b89f7a5ff3e3a225d572dac38b2a67f7', 'vannier.louis@lorraine-sport.net', NULL),
(24, 0, 'minets', 'b89f7a5ff3e3a225d572dac38b2a67f7', 'minet.sabrina@lorraine-sport.net', NULL),
(25, 0, 'bourgeoiss', 'b89f7a5ff3e3a225d572dac38b2a67f7', 'bourgeois.simon@lorraine-sport.net', NULL),
(26, 0, 'charleta', 'b89f7a5ff3e3a225d572dac38b2a67f7', 'charlet.aurelie@lorraine-sport.net', NULL),
(27, 0, 'pirotl', 'b89f7a5ff3e3a225d572dac38b2a67f7', 'pirot.lea@lorraine-sport.net', NULL),
(28, 0, 'michauxa', 'b89f7a5ff3e3a225d572dac38b2a67f7', 'michaux.alexandre@lorraine-sport.net', NULL),
(29, 0, 'cullerierj', 'b89f7a5ff3e3a225d572dac38b2a67f7', 'cullerier.jerome@lorraine-sport.net', NULL),
(30, 0, 'monnetm', 'b89f7a5ff3e3a225d572dac38b2a67f7', 'monnet.michel@lorraine-sport.net', NULL),
(31, 0, 'bergerv', 'b89f7a5ff3e3a225d572dac38b2a67f7', 'berger.vanessa@lorraine-sport.net', NULL),
(32, 0, 'duquennel', 'b89f7a5ff3e3a225d572dac38b2a67f7', 'duquenne.luc@lorraine-sport.net', NULL),
(33, 0, 'vassalm', 'b89f7a5ff3e3a225d572dac38b2a67f7', 'vassal.marc@lorraine-sport.net', NULL),
(34, 0, 'samsonm', 'b89f7a5ff3e3a225d572dac38b2a67f7', 'samson.maryline@lorraine-sport.net', NULL),
(35, 0, 'vassale', 'b89f7a5ff3e3a225d572dac38b2a67f7', 'vassal.elizabeth@lorraine-sport.net', NULL),
(36, 0, 'dubuism', 'b89f7a5ff3e3a225d572dac38b2a67f7', 'dubuis.marie@lorraine-sport.net', NULL),
(37, 0, 'briseuxs', 'b89f7a5ff3e3a225d572dac38b2a67f7', 'briseux.serge@lorraine-sport.net', NULL),
(38, 0, 'zambonie', 'b89f7a5ff3e3a225d572dac38b2a67f7', 'zamboni.estelle@lorraine-sport.net', NULL),
(39, 0, 'vernonc', 'b89f7a5ff3e3a225d572dac38b2a67f7', 'vernon.christian@lorraine-sport.net', NULL),
(40, 0, 'micherouxe', 'b89f7a5ff3e3a225d572dac38b2a67f7', 'micheroux.emmanuel@lorraine-sport.net', NULL),
(41, 0, 'philippej', 'b89f7a5ff3e3a225d572dac38b2a67f7', 'philippe.jocelyne@lorraine-sport.net', NULL),
(42, 0, 'brisseaup', 'b89f7a5ff3e3a225d572dac38b2a67f7', 'brisseau.pierre-jean@lorraine-sport.net', NULL),
(43, 0, 'meneure', 'b89f7a5ff3e3a225d572dac38b2a67f7', 'meneur.emmanuel@lorraine-sport.net', NULL),
(44, 0, 'martelh', 'b89f7a5ff3e3a225d572dac38b2a67f7', 'martel.herve@lorraine-sport.net', NULL),
(45, 0, 'fernandesf', 'b89f7a5ff3e3a225d572dac38b2a67f7', 'fernandes.fabrice@lorraine-sport.net', NULL),
(46, 0, 'loubata', 'b89f7a5ff3e3a225d572dac38b2a67f7', 'loubat.agnes@lorraine-sport.net', NULL),
(47, 0, 'mogest', 'b89f7a5ff3e3a225d572dac38b2a67f7', 'moges.thierry@lorraine-sport.net', NULL),
(48, 0, 'bulicm', 'b89f7a5ff3e3a225d572dac38b2a67f7', 'bulic.marc@lorraine-sport.net', NULL),
(49, 0, 'coulombelt', 'b89f7a5ff3e3a225d572dac38b2a67f7', 'coulombel.thomas@lorraine-sport.net', NULL),
(50, 0, 'noirotm', 'b89f7a5ff3e3a225d572dac38b2a67f7', 'noirot.maxime@lorraine-sport.net', NULL),
(51, 0, 'martinageo', 'b89f7a5ff3e3a225d572dac38b2a67f7', 'martinage.ophelie@lorraine-sport.net', NULL),
(52, 0, 'corvaisierk', 'b89f7a5ff3e3a225d572dac38b2a67f7', 'corvaisier.kevin@lorraine-sport.net', NULL),
(53, 0, 'danetc', 'b89f7a5ff3e3a225d572dac38b2a67f7', 'danet.christophe@lorraine-sport.net', NULL),
(55, 0, 'ouing', 'b89f7a5ff3e3a225d572dac38b2a67f7', 'ouin.georges@lorraine-sport.net', NULL),
(56, 0, 'mabilaisl', 'b89f7a5ff3e3a225d572dac38b2a67f7', 'mabilais.liliane@lorraine-sport.net', NULL),
(57, 0, 'charbonnelt', 'b89f7a5ff3e3a225d572dac38b2a67f7', 'charbonnel.tanguy@lorraine-sport.net', NULL),
(58, 0, 'droaly', 'b89f7a5ff3e3a225d572dac38b2a67f7', 'droal.yves@lorraine-sport.net', NULL),
(59, 0, 'rocherf', 'b89f7a5ff3e3a225d572dac38b2a67f7', 'rocher.fabienne@lorraine-sport.net', NULL),
(60, 0, 'triballata', 'b89f7a5ff3e3a225d572dac38b2a67f7', 'triballat.amelie@lorraine-sport.net', NULL),
(61, 0, 'martih', 'b89f7a5ff3e3a225d572dac38b2a67f7', 'marti.herve@lorraine-sport.net', NULL),
(62, 0, 'vollej', 'b89f7a5ff3e3a225d572dac38b2a67f7', 'volle.jocelyn@lorraine-sport.net', NULL),
(63, 0, 'hubertx', 'b89f7a5ff3e3a225d572dac38b2a67f7', 'hubert.xavier@lorraine-sport.net', NULL),
(64, 0, 'lieutierv', 'b89f7a5ff3e3a225d572dac38b2a67f7', 'lieutier.vianney@lorraine-sport.net', NULL),
(65, 0, 'cabalf', 'b89f7a5ff3e3a225d572dac38b2a67f7', 'cabal.frederick@lorraine-sport.net', NULL),
(66, 0, 'kriegerc', 'b89f7a5ff3e3a225d572dac38b2a67f7', 'krieger.christian@lorraine-sport.net', NULL),
(67, 0, 'fischerh', 'b89f7a5ff3e3a225d572dac38b2a67f7', 'fischer.helene@lorraine-sport.net', NULL),
(68, 0, 'descatb', 'b89f7a5ff3e3a225d572dac38b2a67f7', 'descat.bastien@lorraine-sport.net', NULL),
(69, 0, 'humbertf', 'b89f7a5ff3e3a225d572dac38b2a67f7', 'humbert.felix@lorraine-sport.net', NULL),
(70, 0, 'landrieux', 'b89f7a5ff3e3a225d572dac38b2a67f7', 'landrieu.xavier@lorraine-sport.net', NULL),
(71, 0, 'delpeyroua', 'b89f7a5ff3e3a225d572dac38b2a67f7', 'delpeyrou.andre@lorraine-sport.net', NULL),
(72, 0, 'rodierd', 'b89f7a5ff3e3a225d572dac38b2a67f7', 'rodier.denis@lorraine-sport.net', NULL),
(73, 0, 'boyers', 'b89f7a5ff3e3a225d572dac38b2a67f7', 'boyer.suzanne@lorraine-sport.net', NULL),
(74, 0, 'chassonn', 'b89f7a5ff3e3a225d572dac38b2a67f7', 'chasson.nicole@lorraine-sport.net', NULL),
(75, 0, 'cuenotb', 'b89f7a5ff3e3a225d572dac38b2a67f7', 'cuenot.bruno@lorraine-sport.net', NULL),
(76, 0, 'pitonu', 'b89f7a5ff3e3a225d572dac38b2a67f7', 'piton.ursule@lorraine-sport.net', NULL),
(77, 0, 'gariny', 'b89f7a5ff3e3a225d572dac38b2a67f7', 'garin.yvette@lorraine-sport.net', NULL),
(78, 0, 'salioum', 'b89f7a5ff3e3a225d572dac38b2a67f7', 'saliou.marcel@lorraine-sport.net', NULL),
(79, 0, 'rigalg', 'b89f7a5ff3e3a225d572dac38b2a67f7', 'rigal.guenole@lorraine-sport.net', NULL),
(80, 0, 'pelhatel', 'b89f7a5ff3e3a225d572dac38b2a67f7', 'pelhate.loic@lorraine-sport.net', NULL),
(81, 0, 'skweresp', 'b89f7a5ff3e3a225d572dac38b2a67f7', 'skweres.paul@lorraine-sport.net', NULL),
(82, 0, 'haviso', 'b89f7a5ff3e3a225d572dac38b2a67f7', 'havis.odette@lorraine-sport.net', NULL),
(83, 0, 'rigalj', 'b89f7a5ff3e3a225d572dac38b2a67f7', 'rigal.jonathan@lorraine-sport.net', NULL),
(84, 0, 'cochetr', 'b89f7a5ff3e3a225d572dac38b2a67f7', 'cochet.remi@lorraine-sport.net', NULL),
(85, 0, 'blinm', 'b89f7a5ff3e3a225d572dac38b2a67f7', 'blin.morgane@lorraine-sport.net', NULL),
(86, 0, 'mazurierv', 'b89f7a5ff3e3a225d572dac38b2a67f7', 'mazurier.vincent@lorraine-sport.net', NULL),
(87, 0, 'robichets', 'b89f7a5ff3e3a225d572dac38b2a67f7', 'robichet.sylvain@lorraine-sport.net', NULL),
(88, 0, 'brouillatf', 'b89f7a5ff3e3a225d572dac38b2a67f7', 'brouillat.francois@lorraine-sport.net', NULL),
(89, 0, 'legerg', 'b89f7a5ff3e3a225d572dac38b2a67f7', 'leger.geraldine@lorraine-sport.net', NULL),
(90, 0, 'despresv', 'b89f7a5ff3e3a225d572dac38b2a67f7', 'despres.viviane@lorraine-sport.net', NULL),
(91, 0, 'bretonj', 'b89f7a5ff3e3a225d572dac38b2a67f7', 'breton.jean@lorraine-sport.net', NULL),
(92, 0, 'duboisl', 'b89f7a5ff3e3a225d572dac38b2a67f7', 'dubois.laurence@lorraine-sport.net', NULL),
(93, 0, 'mousquetj', 'b89f7a5ff3e3a225d572dac38b2a67f7', 'mousquet.jean@lorraine-sport.net', NULL),
(94, 0, 'robuttep', 'b89f7a5ff3e3a225d572dac38b2a67f7', 'robutte.philippe@lorraine-sport.net', NULL),
(95, 0, 'lecailleo', 'b89f7a5ff3e3a225d572dac38b2a67f7', 'lecaille.oriane@lorraine-sport.net', NULL),
(96, 0, 'veriteb', 'b89f7a5ff3e3a225d572dac38b2a67f7', 'verite.brendan@lorraine-sport.net', NULL),
(97, 0, 'dauthieub', 'b89f7a5ff3e3a225d572dac38b2a67f7', 'dauthieu.bryan@lorraine-sport.net', NULL),
(98, 0, 'blancj', 'b89f7a5ff3e3a225d572dac38b2a67f7', 'blanc.jean-marc@lorraine-sport.net', NULL),
(99, 0, 'dongelingeri', 'b89f7a5ff3e3a225d572dac38b2a67f7', 'dongelinger.irene@lorraine-sport.net', NULL),
(100, 0, 'hochetg', 'b89f7a5ff3e3a225d572dac38b2a67f7', 'hochet.guy@lorraine-sport.net', NULL),
(101, 0, 'lecorree', 'b89f7a5ff3e3a225d572dac38b2a67f7', 'lecorre.emile@lorraine-sport.net', NULL),
(102, 0, 'sacheta', 'b89f7a5ff3e3a225d572dac38b2a67f7', 'sachet.armelle@lorraine-sport.net', NULL),
(103, 0, 'bavelardp', 'b89f7a5ff3e3a225d572dac38b2a67f7', 'bavelard.paul@lorraine-sport.net', NULL),
(104, 0, 'panagetr', 'b89f7a5ff3e3a225d572dac38b2a67f7', 'panaget.remi@lorraine-sport.net', NULL),
(105, 0, 'aubinv', 'b89f7a5ff3e3a225d572dac38b2a67f7', 'aubin.veronique@lorraine-sport.net', NULL),
(107, 0, 'hainryd', 'b89f7a5ff3e3a225d572dac38b2a67f7', 'hainry.david@lorraine-sport.net', NULL),
(108, 0, 'trouchetc', 'b89f7a5ff3e3a225d572dac38b2a67f7', 'trouchet.carinne@lorraine-sport.net', NULL),
(109, 0, 'bertelles', 'b89f7a5ff3e3a225d572dac38b2a67f7', 'bertelle.sophie@lorraine-sport.net', NULL),
(110, 0, 'pannetierc', 'b89f7a5ff3e3a225d572dac38b2a67f7', 'pannetier.celine@lorraine-sport.net', NULL),
(111, 0, 'poulainm', 'b89f7a5ff3e3a225d572dac38b2a67f7', 'poulain.marie-ange@lorraine-sport.net', NULL),
(112, 0, 'stervinour', 'b89f7a5ff3e3a225d572dac38b2a67f7', 'stervinou.romain@lorraine-sport.net', NULL);

-- --------------------------------------------------------

--
-- Structure de la table `mrbs_variables`
--

CREATE TABLE `mrbs_variables` (
  `id` int(11) NOT NULL,
  `variable_name` varchar(80) DEFAULT NULL,
  `variable_content` text
) ENGINE=InnoDB DEFAULT CHARSET=utf8;

--
-- Contenu de la table `mrbs_variables`
--

INSERT INTO `mrbs_variables` (`id`, `variable_name`, `variable_content`) VALUES
(1, 'db_version', '26'),
(2, 'local_db_version', '1');

--
-- Index pour les tables exportées
--

--
-- Index pour la table `mrbs_area`
--
ALTER TABLE `mrbs_area`
  ADD PRIMARY KEY (`id`);

--
-- Index pour la table `mrbs_entry`
--
ALTER TABLE `mrbs_entry`
  ADD PRIMARY KEY (`id`),
  ADD KEY `idxStartTime` (`start_time`),
  ADD KEY `idxEndTime` (`end_time`);

--
-- Index pour la table `mrbs_league`
--
ALTER TABLE `mrbs_league`
  ADD PRIMARY KEY (`id`),
  ADD KEY `id_responsable` (`id_responsable`);

--
-- Index pour la table `mrbs_repeat`
--
ALTER TABLE `mrbs_repeat`
  ADD PRIMARY KEY (`id`);

--
-- Index pour la table `mrbs_room`
--
ALTER TABLE `mrbs_room`
  ADD PRIMARY KEY (`id`),
  ADD KEY `idxSortKey` (`sort_key`);

--
-- Index pour la table `mrbs_users`
--
ALTER TABLE `mrbs_users`
  ADD PRIMARY KEY (`id`);

--
-- Index pour la table `mrbs_variables`
--
ALTER TABLE `mrbs_variables`
  ADD PRIMARY KEY (`id`);

--
-- AUTO_INCREMENT pour les tables exportées
--

--
-- AUTO_INCREMENT pour la table `mrbs_area`
--
ALTER TABLE `mrbs_area`
  MODIFY `id` int(11) NOT NULL AUTO_INCREMENT, AUTO_INCREMENT=4;
--
-- AUTO_INCREMENT pour la table `mrbs_entry`
--
ALTER TABLE `mrbs_entry`
  MODIFY `id` int(11) NOT NULL AUTO_INCREMENT;
--
-- AUTO_INCREMENT pour la table `mrbs_league`
--
ALTER TABLE `mrbs_league`
  MODIFY `id` int(11) NOT NULL AUTO_INCREMENT, AUTO_INCREMENT=2;
--
-- AUTO_INCREMENT pour la table `mrbs_repeat`
--
ALTER TABLE `mrbs_repeat`
  MODIFY `id` int(11) NOT NULL AUTO_INCREMENT;
--
-- AUTO_INCREMENT pour la table `mrbs_room`
--
ALTER TABLE `mrbs_room`
  MODIFY `id` int(11) NOT NULL AUTO_INCREMENT, AUTO_INCREMENT=15;
--
-- AUTO_INCREMENT pour la table `mrbs_users`
--
ALTER TABLE `mrbs_users`
  MODIFY `id` int(11) NOT NULL AUTO_INCREMENT, AUTO_INCREMENT=113;
--
-- AUTO_INCREMENT pour la table `mrbs_variables`
--
ALTER TABLE `mrbs_variables`
  MODIFY `id` int(11) NOT NULL AUTO_INCREMENT, AUTO_INCREMENT=3;
--
-- Contraintes pour les tables exportées
--

--
-- Contraintes pour la table `mrbs_league`
--
ALTER TABLE `mrbs_league`
  ADD CONSTRAINT `mrbs_league_ibfk_1` FOREIGN KEY (`id_responsable`) REFERENCES `mrbs_users` (`id`);

/*!40101 SET CHARACTER_SET_CLIENT=@OLD_CHARACTER_SET_CLIENT */;
/*!40101 SET CHARACTER_SET_RESULTS=@OLD_CHARACTER_SET_RESULTS */;
/*!40101 SET COLLATION_CONNECTION=@OLD_COLLATION_CONNECTION */;
